{
	"credit": "Made with Blockbench",
	"ambientocclusion": false,
	"texture_size": [64, 64],
	"textures": {
		"0": "items/extra/left_ear",
		"1": "items/extra/right_ear",
		"2": "items/extra/wizard_hat"
	},
	"elements": [
		{
			"from": [1, 0, 0],
			"to": [15, 1, 1],
			"rotation": {"angle": 0, "axis": "y", "origin": [-4, -6, -4]},
			"faces": {
				"north": {"uv": [7.5, 1.5, 11, 1.75], "texture": "#2"},
				"east": {"uv": [3.5, 9, 3.75, 9.25], "texture": "#2"},
				"south": {"uv": [7.5, 1.75, 11, 2], "texture": "#2"},
				"west": {"uv": [3.75, 9, 4, 9.25], "texture": "#2"},
				"up": {"uv": [11, 2.25, 7.5, 2], "texture": "#2"},
				"down": {"uv": [11, 2.25, 7.5, 2.5], "texture": "#2"}
			}
		},
		{
			"from": [1, 0, 15],
			"to": [15, 1, 16],
			"rotation": {"angle": 0, "axis": "y", "origin": [-4, -6, -4]},
			"faces": {
				"north": {"uv": [7.5, 2.5, 11, 2.75], "texture": "#2"},
				"east": {"uv": [6, 9, 6.25, 9.25], "texture": "#2"},
				"south": {"uv": [7.5, 2.75, 11, 3], "texture": "#2"},
				"west": {"uv": [9, 6, 9.25, 6.25], "texture": "#2"},
				"up": {"uv": [11, 3.25, 7.5, 3], "texture": "#2"},
				"down": {"uv": [11, 3.25, 7.5, 3.5], "texture": "#2"}
			}
		},
		{
			"from": [15, 0, 1],
			"to": [16, 1, 15],
			"rotation": {"angle": 0, "axis": "y", "origin": [8, 2.5, 8.5]},
			"faces": {
				"north": {"uv": [6.25, 9, 6.5, 9.25], "texture": "#2"},
				"east": {"uv": [7.5, 3.5, 11, 3.75], "texture": "#2"},
				"south": {"uv": [9, 6.25, 9.25, 6.5], "texture": "#2"},
				"west": {"uv": [7.5, 3.75, 11, 4], "texture": "#2"},
				"up": {"uv": [1.25, 11, 1, 7.5], "texture": "#2"},
				"down": {"uv": [1.5, 7.5, 1.25, 11], "texture": "#2"}
			}
		},
		{
			"from": [0, 0, 1],
			"to": [1, 1, 15],
			"rotation": {"angle": 0, "axis": "y", "origin": [8, 2.5, 8.5]},
			"faces": {
				"north": {"uv": [7, 9, 7.25, 9.25], "texture": "#2"},
				"east": {"uv": [7.5, 4, 11, 4.25], "texture": "#2"},
				"south": {"uv": [9, 7, 9.25, 7.25], "texture": "#2"},
				"west": {"uv": [7.5, 4.25, 11, 4.5], "texture": "#2"},
				"up": {"uv": [1.75, 11, 1.5, 7.5], "texture": "#2"},
				"down": {"uv": [2, 7.5, 1.75, 11], "texture": "#2"}
			}
		},
		{
			"from": [1, 1, 1],
			"to": [15, 2, 15],
			"rotation": {"angle": 0, "axis": "y", "origin": [-4, -6, -4]},
			"faces": {
				"north": {"uv": [7.5, 4.5, 11, 4.75], "texture": "#2"},
				"east": {"uv": [7.5, 4.75, 11, 5], "texture": "#2"},
				"south": {"uv": [7.5, 5, 11, 5.25], "texture": "#2"},
				"west": {"uv": [7.5, 5.25, 11, 5.5], "texture": "#2"},
				"up": {"uv": [3.5, 3.5, 0, 0], "texture": "#2"},
				"down": {"uv": [3.5, 3.5, 0, 7], "texture": "#2"}
			}
		},
		{
			"from": [3.5, 2, 3],
			"to": [12.5, 7, 13],
			"rotation": {"angle": 0, "axis": "y", "origin": [8, 4.5, 8.5]},
			"faces": {
				"north": {"uv": [3.5, 5, 5, 6.5], "texture": "#2"},
				"east": {"uv": [5, 5, 6.5, 6.5], "texture": "#2"},
				"south": {"uv": [6, 0, 7.5, 1.5], "texture": "#2"},
				"west": {"uv": [6, 1.5, 7.5, 3], "texture": "#2"},
				"up": {"uv": [7.5, 4.5, 6, 3], "texture": "#2"},
				"down": {"uv": [5, 6.5, 3.5, 8], "texture": "#2"}
			}
		},
		{
			"from": [5, 7, 5.5],
			"to": [11, 12, 11.5],
			"rotation": {"angle": 0, "axis": "y", "origin": [8, 11, 7.5]},
			"faces": {
				"north": {"uv": [3.5, 5, 5, 6.5], "texture": "#2"},
				"east": {"uv": [5, 5, 6.5, 6.5], "texture": "#2"},
				"south": {"uv": [6, 0, 7.5, 1.5], "texture": "#2"},
				"west": {"uv": [6, 1.5, 7.5, 3], "texture": "#2"},
				"up": {"uv": [7.5, 4.5, 6, 3], "texture": "#2"},
				"down": {"uv": [5, 6.5, 3.5, 8], "texture": "#2"}
			}
		},
		{
			"from": [6, 11, 9.5],
			"to": [10, 13, 13.5],
			"rotation": {"angle": 0, "axis": "y", "origin": [8, 11, 7.5]},
			"faces": {
				"north": {"uv": [3.5, 5, 5, 6.5], "texture": "#2"},
				"east": {"uv": [5, 5, 6.5, 6.5], "texture": "#2"},
				"south": {"uv": [6, 0, 7.5, 1.5], "texture": "#2"},
				"west": {"uv": [6, 1.5, 7.5, 3], "texture": "#2"},
				"up": {"uv": [7.5, 4.5, 6, 3], "texture": "#2"},
				"down": {"uv": [5, 6.5, 3.5, 8], "texture": "#2"}
			}
		},
		{
			"from": [7, 12, 13.5],
			"to": [9, 13, 14.5],
			"rotation": {"angle": 0, "axis": "y", "origin": [8, 11, 7.5]},
			"faces": {
				"north": {"uv": [3.5, 5, 5, 6.5], "texture": "#2"},
				"east": {"uv": [5, 5, 6.5, 6.5], "texture": "#2"},
				"south": {"uv": [6, 0, 7.5, 1.5], "texture": "#2"},
				"west": {"uv": [6, 1.5, 7.5, 3], "texture": "#2"},
				"up": {"uv": [7.5, 4.5, 6, 3], "texture": "#2"},
				"down": {"uv": [5, 6.5, 3.5, 8], "texture": "#2"}
			}
		},
		{
			"from": [12.75, 4.25, 5],
			"to": [14.75, 6.25, 6],
			"rotation": {"angle": -22.5, "axis": "z", "origin": [13.75, 4.25, 5.75]},
			"faces": {
				"north": {"uv": [3, 0, 5, 2], "texture": "#1"},
				"east": {"uv": [5, 2, 6, 4], "texture": "#1"},
				"south": {"uv": [3, 2, 5, 4], "texture": "#1"},
				"west": {"uv": [5, 4, 6, 6], "texture": "#1"},
				"up": {"uv": [2, 7, 0, 6], "texture": "#1"},
				"down": {"uv": [8, 2, 6, 3], "texture": "#1"}
			}
		},
		{
			"from": [11.75, 1.25, 5],
			"to": [14.75, 4.25, 7],
			"rotation": {"angle": -22.5, "axis": "z", "origin": [13.75, 4.25, 5.75]},
			"faces": {
				"north": {"uv": [0, 0, 3, 3], "texture": "#1"},
				"east": {"uv": [3, 4, 4, 7], "texture": "#1"},
				"south": {"uv": [0, 3, 3, 6], "texture": "#1"},
				"west": {"uv": [4, 4, 5, 7], "texture": "#1"},
				"up": {"uv": [8, 1, 5, 0], "texture": "#1"},
				"down": {"uv": [8, 1, 5, 2], "texture": "#1"}
			}
		},
		{
			"from": [1.25, 1.25, 5],
			"to": [4.25, 4.25, 7],
			"rotation": {"angle": 22.5, "axis": "z", "origin": [2.25, 4.25, 5.75]},
			"faces": {
				"north": {"uv": [0, 0, 3, 3], "texture": "#0"},
				"east": {"uv": [3, 4, 4, 7], "texture": "#0"},
				"south": {"uv": [0, 3, 3, 6], "texture": "#0"},
				"west": {"uv": [4, 4, 5, 7], "texture": "#0"},
				"up": {"uv": [8, 1, 5, 0], "texture": "#0"},
				"down": {"uv": [8, 1, 5, 2], "texture": "#0"}
			}
		},
		{
			"from": [1.25, 4.25, 5],
			"to": [3.25, 6.25, 6],
			"rotation": {"angle": 22.5, "axis": "z", "origin": [2.25, 4.25, 5.75]},
			"faces": {
				"north": {"uv": [3, 0, 5, 2], "texture": "#0"},
				"east": {"uv": [5, 2, 6, 4], "texture": "#0"},
				"south": {"uv": [3, 2, 5, 4], "texture": "#0"},
				"west": {"uv": [5, 4, 6, 6], "texture": "#0"},
				"up": {"uv": [2, 7, 0, 6], "texture": "#0"},
				"down": {"uv": [8, 2, 6, 3], "texture": "#0"}
			}
		}
	],
	"display": {
		"thirdperson_righthand": {
			"rotation": [75, 45, 0],
			"translation": [0, 2.5, 0],
			"scale": [0.375, 0.375, 0.375]
		},
		"thirdperson_lefthand": {
			"rotation": [75, 45, 0],
			"translation": [0, 2.5, 0],
			"scale": [0.375, 0.375, 0.375]
		},
		"ground": {
			"translation": [0, 0.5, 0],
			"scale": [0.5, 0.5, 0.5]
		},
		"gui": {
			"rotation": [-159.33, 23.19, 167.82],
			"translation": [-1, 2, 0],
			"scale": [0.78, 0.78, 0.78]
		},
		"head": {
			"translation": [0, 13, 0],
			"scale": [1.5, 1.5, 1.5]
		},
		"fixed": {
			"rotation": [-52.5, 0, 0],
			"translation": [0, 4.5, -6.75]
		}
	},
	"groups": [
		{
			"name": "wizardHat",
			"origin": [-4, 0, -4],
			"color": 0,
			"children": [0, 1, 2, 3, 4, 5, 6, 7, 8]
		},
		{
			"name": "rightEar",
			"origin": [12.75, 10, 6],
			"color": 0,
			"children": [9, 10]
		},
		{
			"name": "leftEar",
			"origin": [12.75, 10, 6],
			"color": 0,
			"children": [11, 12]
		}
	]
}